{
  "Link Color" : {
    "Red Component" : 0,
    "Color Space" : "sRGB",
    "Blue Component" : 0.73423302173614502,
    "Alpha Component" : 1,
    "Green Component" : 0.35916060209274292
  },
  "Tags" : [

  ],
  "Ansi 12 Color" : {
    "Red Component" : 0.56862745098039214,
    "Color Space" : "sRGB",
    "Blue Component" : 0.81960784313725488,
    "Green Component" : 0.67450980392156867
  },
  "Ansi 7 Color" : {
    "Red Component" : 0.77647058823529413,
    "Color Space" : "sRGB",
    "Blue Component" : 0.81960784313725488,
    "Green Component" : 0.78431372549019607
  },
  "Reduce Flicker" : false,
  "Bold Color" : {
    "Red Component" : 0.77647058823529413,
    "Color Space" : "sRGB",
    "Blue Component" : 0.81960784313725488,
    "Green Component" : 0.78431372549019607
  },
  "Draw Powerline Glyphs" : false,
  "Ansi 8 Color" : {
    "Red Component" : 0.30417850473895669,
    "Color Space" : "sRGB",
    "Blue Component" : 0.450592041015625,
    "Alpha Component" : 1,
    "Green Component" : 0.32858075460349606
  },
  "Ansi 9 Color" : {
    "Red Component" : 0.9137254901960784,
    "Color Space" : "sRGB",
    "Blue Component" : 0.53725490196078429,
    "Green Component" : 0.53725490196078429
  },
  "Rows" : 25,
  "Default Bookmark" : "No",
  "Custom Directory" : "No",
  "Right Option Key Sends" : 0,
  "Automatically Log" : false,
  "Cursor Guide Color" : {
    "Red Component" : 0.70213186740875244,
    "Color Space" : "sRGB",
    "Blue Component" : 1,
    "Alpha Component" : 0.25,
    "Green Component" : 0.9268307089805603
  },
  "Non-ASCII Anti Aliased" : true,
  "Use Bright Bold" : true,
  "Ansi 10 Color" : {
    "Red Component" : 0.75294117647058822,
    "Color Space" : "sRGB",
    "Blue Component" : 0.55686274509803924,
    "Green Component" : 0.792156862745098
  },
  "Ambiguous Double Width" : false,
  "Jobs to Ignore" : [
    "rlogin",
    "ssh",
    "slogin",
    "telnet"
  ],
  "Show Status Bar" : false,
  "Ansi 15 Color" : {
    "Red Component" : 0.82352941176470584,
    "Color Space" : "sRGB",
    "Blue Component" : 0.87058823529411766,
    "Green Component" : 0.83137254901960789
  },
  "Foreground Color" : {
    "Red Component" : 0.77647058823529413,
    "Color Space" : "sRGB",
    "Blue Component" : 0.81960784313725488,
    "Green Component" : 0.78431372549019607
  },
  "Working Directory" : "\/Users\/shimizu-kotaro",
  "Blinking Cursor" : false,
  "Disable Window Resizing" : true,
  "Sync Title" : false,
  "Prompt Before Closing 2" : false,
  "BM Growl" : true,
  "Mouse Reporting" : true,
  "Command" : "",
  "Description" : "Default",
  "Screen" : -1,
  "Selection Color" : {
    "Red Component" : 0.30196078431372547,
    "Color Space" : "sRGB",
    "Blue Component" : 0.44705882352941179,
    "Alpha Component" : 1,
    "Green Component" : 0.32549019607843138
  },
  "Columns" : 80,
  "Idle Code" : 0,
  "Ansi 13 Color" : {
    "Red Component" : 0.67843137254901964,
    "Color Space" : "sRGB",
    "Blue Component" : 0.82745098039215681,
    "Green Component" : 0.62745098039215685
  },
  "Custom Command" : "No",
  "ASCII Anti Aliased" : true,
  "Non Ascii Font" : "Cica-Regular 16",
  "Vertical Spacing" : 1,
  "Use Bold Font" : true,
  "Option Key Sends" : 0,
  "Selected Text Color" : {
    "Red Component" : 0.77647058823529413,
    "Color Space" : "sRGB",
    "Blue Component" : 0.81960784313725488,
    "Green Component" : 0.78431372549019607
  },
  "Background Color" : {
    "Red Component" : 0.086274509803921567,
    "Color Space" : "sRGB",
    "Blue Component" : 0.12941176470588237,
    "Green Component" : 0.094117647058823528
  },
  "Character Encoding" : 4,
  "Ansi 11 Color" : {
    "Red Component" : 0.9137254901960784,
    "Color Space" : "sRGB",
    "Blue Component" : 0.53725490196078429,
    "Green Component" : 0.69411764705882351
  },
  "Non-ASCII Ligatures" : true,
  "Thin Strokes" : 4,
  "Use Italic Font" : true,
  "Unlimited Scrollback" : false,
  "Keyboard Map" : {
    "0xf700-0x260000" : {
      "Action" : 10,
      "Text" : "[1;6A"
    },
    "0x37-0x40000" : {
      "Action" : 11,
      "Text" : "0x1f"
    },
    "0x32-0x40000" : {
      "Action" : 11,
      "Text" : "0x00"
    },
    "0xf709-0x20000" : {
      "Action" : 10,
      "Text" : "[17;2~"
    },
    "0xf70c-0x20000" : {
      "Action" : 10,
      "Text" : "[20;2~"
    },
    "0xf729-0x20000" : {
      "Action" : 10,
      "Text" : "[1;2H"
    },
    "0xf72b-0x40000" : {
      "Action" : 10,
      "Text" : "[1;5F"
    },
    "0xf705-0x20000" : {
      "Action" : 10,
      "Text" : "[1;2Q"
    },
    "0xf703-0x260000" : {
      "Action" : 10,
      "Text" : "[1;6C"
    },
    "0xf700-0x220000" : {
      "Action" : 10,
      "Text" : "[1;2A"
    },
    "0xf701-0x280000" : {
      "Action" : 11,
      "Text" : "0x1b 0x1b 0x5b 0x42"
    },
    "0x38-0x40000" : {
      "Action" : 11,
      "Text" : "0x7f"
    },
    "0x33-0x40000" : {
      "Action" : 11,
      "Text" : "0x1b"
    },
    "0xf703-0x220000" : {
      "Action" : 10,
      "Text" : "[1;2C"
    },
    "0xf701-0x240000" : {
      "Action" : 10,
      "Text" : "[1;5B"
    },
    "0xf70d-0x20000" : {
      "Action" : 10,
      "Text" : "[21;2~"
    },
    "0xf702-0x260000" : {
      "Action" : 10,
      "Text" : "[1;6D"
    },
    "0xf729-0x40000" : {
      "Action" : 10,
      "Text" : "[1;5H"
    },
    "0xf706-0x20000" : {
      "Action" : 10,
      "Text" : "[1;2R"
    },
    "0x34-0x40000" : {
      "Action" : 11,
      "Text" : "0x1c"
    },
    "0xf700-0x280000" : {
      "Action" : 11,
      "Text" : "0x1b 0x1b 0x5b 0x41"
    },
    "0x2d-0x40000" : {
      "Action" : 11,
      "Text" : "0x1f"
    },
    "0xf70e-0x20000" : {
      "Action" : 10,
      "Text" : "[23;2~"
    },
    "0xf702-0x220000" : {
      "Action" : 10,
      "Text" : "[1;2D"
    },
    "0xf703-0x280000" : {
      "Action" : 11,
      "Text" : "0x1b 0x1b 0x5b 0x43"
    },
    "0xf700-0x240000" : {
      "Action" : 10,
      "Text" : "[1;5A"
    },
    "0xf707-0x20000" : {
      "Action" : 10,
      "Text" : "[1;2S"
    },
    "0xf70a-0x20000" : {
      "Action" : 10,
      "Text" : "[18;2~"
    },
    "0x35-0x40000" : {
      "Action" : 11,
      "Text" : "0x1d"
    },
    "0xf70f-0x20000" : {
      "Action" : 10,
      "Text" : "[24;2~"
    },
    "0xf703-0x240000" : {
      "Action" : 10,
      "Text" : "[1;5C"
    },
    "0xf701-0x260000" : {
      "Action" : 10,
      "Text" : "[1;6B"
    },
    "0xf702-0x280000" : {
      "Action" : 11,
      "Text" : "0x1b 0x1b 0x5b 0x44"
    },
    "0xf72b-0x20000" : {
      "Action" : 10,
      "Text" : "[1;2F"
    },
    "0x36-0x40000" : {
      "Action" : 11,
      "Text" : "0x1e"
    },
    "0xf708-0x20000" : {
      "Action" : 10,
      "Text" : "[15;2~"
    },
    "0xf701-0x220000" : {
      "Action" : 10,
      "Text" : "[1;2B"
    },
    "0xf70b-0x20000" : {
      "Action" : 10,
      "Text" : "[19;2~"
    },
    "0xf702-0x240000" : {
      "Action" : 10,
      "Text" : "[1;5D"
    },
    "0xf704-0x20000" : {
      "Action" : 10,
      "Text" : "[1;2P"
    }
  },
  "Window Type" : 12,
  "Background Image Location" : "",
  "Blur" : false,
  "Badge Color" : {
    "Red Component" : 1,
    "Color Space" : "sRGB",
    "Blue Component" : 0,
    "Alpha Component" : 0.5,
    "Green Component" : 0.1491314172744751
  },
  "Scrollback Lines" : 1000,
  "Send Code When Idle" : false,
  "Close Sessions On End" : true,
  "Terminal Type" : "xterm-256color",
  "Visual Bell" : true,
  "Flashing Bell" : false,
  "Status Bar Layout" : {
    "components" : [

    ],
    "advanced configuration" : {
      "font" : ".AppleSystemUIFont 12",
      "algorithm" : 0
    }
  },
  "Silence Bell" : false,
  "Unicode Normalization" : 3,
  "Ansi 14 Color" : {
    "Red Component" : 0.58431372549019611,
    "Color Space" : "sRGB",
    "Blue Component" : 0.80784313725490198,
    "Green Component" : 0.7686274509803922
  },
  "Unicode Version" : 9,
  "ASCII Ligatures" : false,
  "Name" : "Default",